name,description,price,availability_date,slug,stock_total,category
name_1,asdf asdf s,2,14.04.1992,slug-123,123,1
name_1,asdf asdf s,2,14.04.1992,slug-123,123,1
name_1,asdf asdf s,2,14.04.1992,slug-123,123,1
name_1,asdf asdf s,2,14.04.1992,slug-123,123,1
name_1,asdf asdf s,2,14.04.1992,slug-123,123,1
name_2,asdf asdf s,2,14.04.1992,slug-1234,,1
name_3,asdf asdf s,2,14.04.1992,slug-2345,,1
name_4,asdf asdf s,2,14.04.1992,slug-3456,,1
name_5,asdf asdf s,2,14.04.1992,slug-4567,,1
name_6,asdf asdf s,2,14.04.1992,slug-5678,,1
name_7,asdf asdf s,2,14.04.1992,slug-6789,,1
name_8,asdf asdf s,2,14.04.1992,slug-7900,,1
name_9,asdf asdf s,2,14.04.1992,slug-9011,,1
name_10,asdf asdf s,2,14.04.1992,slug-10122,,1
name_11,asdf asdf s,2,14.04.1992,slug-11233,,1
name_12,asdf asdf s,2,14.04.1992,slug-12344,,1
name_13,asdf asdf s,2,14.04.1992,slug-13455,,1
name_14,asdf asdf s,2,14.04.1992,slug-14566,,1
name_15,asdf asdf s,2,14.04.1992,slug-15677,,1
name_16,asdf asdf s,2,14.04.1992,slug-16788,,1
name_17,asdf asdf s,2,14.04.1992,slug-17899,,1
name_18,asdf asdf s,2,14.04.1992,slug-19010,,1
name_19,asdf asdf s,2,14.04.1992,slug-20121,,1
name_20,asdf asdf s,2,14.04.1992,slug-21232,,1
name_21,asdf asdf s,2,14.04.1992,slug-22343,,1
name_22,asdf asdf s,2,14.04.1992,slug-23454,,1
name_23,asdf asdf s,2,14.04.1992,slug-24565,,1
name_24,asdf asdf s,2,14.04.1992,slug-25676,,1
name_25,asdf asdf s,2,14.04.1992,slug-26787,,1
name_26,asdf asdf s,2,14.04.1992,slug-27898,,1
name_27,asdf asdf s,2,14.04.1992,slug-29009,,1
name_28,asdf asdf s,2,14.04.1992,slug-30120,,1
name_29,asdf asdf s,2,14.04.1992,slug-31231,,1
name_30,asdf asdf s,2,14.04.1992,slug-32342,,1
name_31,asdf asdf s,2,14.04.1992,slug-33453,,1
name_32,asdf asdf s,2,14.04.1992,slug-34564,,1
name_33,asdf asdf s,2,14.04.1992,slug-35675,,1
name_34,asdf asdf s,2,14.04.1992,slug-36786,,1
name_35,asdf asdf s,2,14.04.1992,slug-37897,,1
name_36,asdf asdf s,2,14.04.1992,slug-39008,,1
name_37,asdf asdf s,2,14.04.1992,slug-40119,,1
name_38,asdf asdf s,2,14.04.1992,slug-41230,,1
name_39,asdf asdf s,2,14.04.1992,slug-42341,,1
name_40,asdf asdf s,2,14.04.1992,slug-43452,,1
name_41,asdf asdf s,2,14.04.1992,slug-44563,,1
name_42,asdf asdf s,2,14.04.1992,slug-45674,,1
name_43,asdf asdf s,2,14.04.1992,slug-46785,,1
name_44,asdf asdf s,2,14.04.1992,slug-47896,,1
name_45,asdf asdf s,2,14.04.1992,slug-49007,,1
name_46,asdf asdf s,2,14.04.1992,slug-50118,,1
name_47,asdf asdf s,2,14.04.1992,slug-51229,,1
name_48,asdf asdf s,2,14.04.1992,slug-52340,,1
name_49,asdf asdf s,2,14.04.1992,slug-53451,,1
name_50,asdf asdf s,2,14.04.1992,slug-54562,,1
name_51,asdf asdf s,2,14.04.1992,slug-55673,,1
name_52,asdf asdf s,2,14.04.1992,slug-56784,,1
name_53,asdf asdf s,2,14.04.1992,slug-57895,,1
name_54,asdf asdf s,2,14.04.1992,slug-59006,,1
name_55,asdf asdf s,2,14.04.1992,slug-60117,,1
name_56,asdf asdf s,2,14.04.1992,slug-61228,,1
name_57,asdf asdf s,2,14.04.1992,slug-62339,,1
name_58,asdf asdf s,2,14.04.1992,slug-63450,,1
name_59,asdf asdf s,2,14.04.1992,slug-64561,,1
name_60,asdf asdf s,2,14.04.1992,slug-65672,,1
name_61,asdf asdf s,2,14.04.1992,slug-66783,,1
name_62,asdf asdf s,2,14.04.1992,slug-67894,,1
name_63,asdf asdf s,2,14.04.1992,slug-69005,,1
name_64,asdf asdf s,2,14.04.1992,slug-70116,,1
name_65,asdf asdf s,2,14.04.1992,slug-71227,,1
name_66,asdf asdf s,2,14.04.1992,slug-72338,,1
name_67,asdf asdf s,2,14.04.1992,slug-73449,,1
name_68,asdf asdf s,2,14.04.1992,slug-74560,,1
name_69,asdf asdf s,2,14.04.1992,slug-75671,,1
name_70,asdf asdf s,2,14.04.1992,slug-76782,,1
name_71,asdf asdf s,2,14.04.1992,slug-77893,,1
name_72,asdf asdf s,2,14.04.1992,slug-79004,,1
name_73,asdf asdf s,2,14.04.1992,slug-80115,,1
name_74,asdf asdf s,2,14.04.1992,slug-81226,,1
name_75,asdf asdf s,2,14.04.1992,slug-82337,,1
name_76,asdf asdf s,2,14.04.1992,slug-83448,,1
name_77,asdf asdf s,2,14.04.1992,slug-84559,,1
name_78,asdf asdf s,2,14.04.1992,slug-85670,,1
name_79,asdf asdf s,2,14.04.1992,slug-86781,,1
name_80,asdf asdf s,2,14.04.1992,slug-87892,,1
name_81,asdf asdf s,2,14.04.1992,slug-89003,,1
name_82,asdf asdf s,2,14.04.1992,slug-90114,,1
name_83,asdf asdf s,2,14.04.1992,slug-91225,,1
name_84,asdf asdf s,2,14.04.1992,slug-92336,,1
name_85,asdf asdf s,2,14.04.1992,slug-93447,,1
name_86,asdf asdf s,2,14.04.1992,slug-94558,,1
name_87,asdf asdf s,2,14.04.1992,slug-95669,,1
name_88,asdf asdf s,2,14.04.1992,slug-96780,,1
name_89,asdf asdf s,2,14.04.1992,slug-97891,,1
name_90,asdf asdf s,2,14.04.1992,slug-99002,,1
name_91,asdf asdf s,2,14.04.1992,slug-100113,,1
name_92,asdf asdf s,2,14.04.1992,slug-101224,,1
name_93,asdf asdf s,2,14.04.1992,slug-102335,,1
name_94,asdf asdf s,2,14.04.1992,slug-103446,,1
name_95,asdf asdf s,2,14.04.1992,slug-104557,,1
name_96,asdf asdf s,2,14.04.1992,slug-105668,,1
name_97,asdf asdf s,2,14.04.1992,slug-106779,,1
name_98,asdf asdf s,2,14.04.1992,slug-107890,,1
name_99,asdf asdf s,2,14.04.1992,slug-109001,,1
name_100,asdf asdf s,2,14.04.1992,slug-110112,,1
name_101,asdf asdf s,2,14.04.1992,slug-111223,,1
name_102,asdf asdf s,2,14.04.1992,slug-112334,,1
name_103,asdf asdf s,2,14.04.1992,slug-113445,,1
name_104,asdf asdf s,2,14.04.1992,slug-114556,,1
name_105,asdf asdf s,2,14.04.1992,slug-115667,,1
name_106,asdf asdf s,2,14.04.1992,slug-116778,,1
name_107,asdf asdf s,2,14.04.1992,slug-117889,,1
name_108,asdf asdf s,2,14.04.1992,slug-119000,,1
name_109,asdf asdf s,2,14.04.1992,slug-120111,,1
name_110,asdf asdf s,2,14.04.1992,slug-121222,,1
name_111,asdf asdf s,2,14.04.1992,slug-122333,,1
name_112,asdf asdf s,2,14.04.1992,slug-123444,,1
name_113,asdf asdf s,2,14.04.1992,slug-124555,,1
name_114,asdf asdf s,2,14.04.1992,slug-125666,,1
name_115,asdf asdf s,2,14.04.1992,slug-126777,,1
name_116,asdf asdf s,2,14.04.1992,slug-127888,,1
name_117,asdf asdf s,2,14.04.1992,slug-128999,,1
name_118,asdf asdf s,2,14.04.1992,slug-130110,,1
name_119,asdf asdf s,2,14.04.1992,slug-131221,,1
name_120,asdf asdf s,2,14.04.1992,slug-132332,,1
name_121,asdf asdf s,2,14.04.1992,slug-133443,,1
name_122,asdf asdf s,2,14.04.1992,slug-134554,,1
name_123,asdf asdf s,2,14.04.1992,slug-135665,,1
name_124,asdf asdf s,2,14.04.1992,slug-136776,,1
name_125,asdf asdf s,2,14.04.1992,slug-137887,,1
name_126,asdf asdf s,2,14.04.1992,slug-138998,,1
name_127,asdf asdf s,2,14.04.1992,slug-140109,,1
name_128,asdf asdf s,2,14.04.1992,slug-141220,,1
name_129,asdf asdf s,2,14.04.1992,slug-142331,,1
name_130,asdf asdf s,2,14.04.1992,slug-143442,,1
name_131,asdf asdf s,2,14.04.1992,slug-144553,,1
name_132,asdf asdf s,2,14.04.1992,slug-145664,,1
name_133,asdf asdf s,2,14.04.1992,slug-146775,,1
name_134,asdf asdf s,2,14.04.1992,slug-147886,,1
name_135,asdf asdf s,2,14.04.1992,slug-148997,,1
name_136,asdf asdf s,2,14.04.1992,slug-150108,,1
name_137,asdf asdf s,2,14.04.1992,slug-151219,,1
name_138,asdf asdf s,2,14.04.1992,slug-152330,,1
name_139,asdf asdf s,2,14.04.1992,slug-153441,,1
name_140,asdf asdf s,2,14.04.1992,slug-154552,,1
name_141,asdf asdf s,2,14.04.1992,slug-155663,,1
name_142,asdf asdf s,2,14.04.1992,slug-156774,,1
name_143,asdf asdf s,2,14.04.1992,slug-157885,,1
name_144,asdf asdf s,2,14.04.1992,slug-158996,,1
name_145,asdf asdf s,2,14.04.1992,slug-160107,,1
name_146,asdf asdf s,2,14.04.1992,slug-161218,,1
name_147,asdf asdf s,2,14.04.1992,slug-162329,,1
name_148,asdf asdf s,2,14.04.1992,slug-163440,,1
name_149,asdf asdf s,2,14.04.1992,slug-164551,,1
name_150,asdf asdf s,2,14.04.1992,slug-165662,,1
name_151,asdf asdf s,2,14.04.1992,slug-166773,,1
name_152,asdf asdf s,2,14.04.1992,slug-167884,,1
name_153,asdf asdf s,2,14.04.1992,slug-168995,,1
name_154,asdf asdf s,2,14.04.1992,slug-170106,,1
name_155,asdf asdf s,2,14.04.1992,slug-171217,,1
name_156,asdf asdf s,2,14.04.1992,slug-172328,,1
name_157,asdf asdf s,2,14.04.1992,slug-173439,,1
name_158,asdf asdf s,2,14.04.1992,slug-174550,,1
name_159,asdf asdf s,2,14.04.1992,slug-175661,,1
name_160,asdf asdf s,2,14.04.1992,slug-176772,,1
name_161,asdf asdf s,2,14.04.1992,slug-177883,,1
name_162,asdf asdf s,2,14.04.1992,slug-178994,,1
name_163,asdf asdf s,2,14.04.1992,slug-180105,,1
name_164,asdf asdf s,2,14.04.1992,slug-181216,,1
name_165,asdf asdf s,2,14.04.1992,slug-182327,,1
name_166,asdf asdf s,2,14.04.1992,slug-183438,,1
name_167,asdf asdf s,2,14.04.1992,slug-184549,,1
name_168,asdf asdf s,2,14.04.1992,slug-185660,,1
name_169,asdf asdf s,2,14.04.1992,slug-186771,,1
name_170,asdf asdf s,2,14.04.1992,slug-187882,,1
name_171,asdf asdf s,2,14.04.1992,slug-188993,,1
name_172,asdf asdf s,2,14.04.1992,slug-190104,,1
name_173,asdf asdf s,2,14.04.1992,slug-191215,,1
name_174,asdf asdf s,2,14.04.1992,slug-192326,,1
name_175,asdf asdf s,2,14.04.1992,slug-193437,,1
name_176,asdf asdf s,2,14.04.1992,slug-194548,,1
name_177,asdf asdf s,2,14.04.1992,slug-195659,,1
name_178,asdf asdf s,2,14.04.1992,slug-196770,,1
name_179,asdf asdf s,2,14.04.1992,slug-197881,,1
name_180,asdf asdf s,2,14.04.1992,slug-198992,,1
name_181,asdf asdf s,2,14.04.1992,slug-200103,,1
name_182,asdf asdf s,2,14.04.1992,slug-201214,,1
name_183,asdf asdf s,2,14.04.1992,slug-202325,,1
name_184,asdf asdf s,2,14.04.1992,slug-203436,,1
name_185,asdf asdf s,2,14.04.1992,slug-204547,,1
name_186,asdf asdf s,2,14.04.1992,slug-205658,,1
name_187,asdf asdf s,2,14.04.1992,slug-206769,,1
name_188,asdf asdf s,2,14.04.1992,slug-207880,,1
name_189,asdf asdf s,2,14.04.1992,slug-208991,,1
name_190,asdf asdf s,2,14.04.1992,slug-210102,,1
name_191,asdf asdf s,2,14.04.1992,slug-211213,,1
name_192,asdf asdf s,2,14.04.1992,slug-212324,,1
name_193,asdf asdf s,2,14.04.1992,slug-213435,,1
name_194,asdf asdf s,2,14.04.1992,slug-214546,,1
name_195,asdf asdf s,2,14.04.1992,slug-215657,,1
name_196,asdf asdf s,2,14.04.1992,slug-216768,,1
name_197,asdf asdf s,2,14.04.1992,slug-217879,,1
name_198,asdf asdf s,2,14.04.1992,slug-218990,,1
name_199,asdf asdf s,2,14.04.1992,slug-220101,,1
name_200,asdf asdf s,2,14.04.1992,slug-221212,,1
name_201,asdf asdf s,2,14.04.1992,slug-222323,,1
name_202,asdf asdf s,2,14.04.1992,slug-223434,,1
name_203,asdf asdf s,2,14.04.1992,slug-224545,,1
name_204,asdf asdf s,2,14.04.1992,slug-225656,,1
name_205,asdf asdf s,2,14.04.1992,slug-226767,,1
name_206,asdf asdf s,2,14.04.1992,slug-227878,,1
name_207,asdf asdf s,2,14.04.1992,slug-228989,,1
name_208,asdf asdf s,2,14.04.1992,slug-230100,,1
name_209,asdf asdf s,2,14.04.1992,slug-231211,,1
name_210,asdf asdf s,2,14.04.1992,slug-232322,,1
name_211,asdf asdf s,2,14.04.1992,slug-233433,,1
name_212,asdf asdf s,2,14.04.1992,slug-234544,,1
name_213,asdf asdf s,2,14.04.1992,slug-235655,,1
name_214,asdf asdf s,2,14.04.1992,slug-236766,,1
name_215,asdf asdf s,2,14.04.1992,slug-237877,,1
name_216,asdf asdf s,2,14.04.1992,slug-238988,,1
name_217,asdf asdf s,2,14.04.1992,slug-240099,,1
name_218,asdf asdf s,2,14.04.1992,slug-241210,,1
name_219,asdf asdf s,2,14.04.1992,slug-242321,,1
name_220,asdf asdf s,2,14.04.1992,slug-243432,,1
name_221,asdf asdf s,2,14.04.1992,slug-244543,,1
name_222,asdf asdf s,2,14.04.1992,slug-245654,,1
name_223,asdf asdf s,2,14.04.1992,slug-246765,,1
name_224,asdf asdf s,2,14.04.1992,slug-247876,,1
name_225,asdf asdf s,2,14.04.1992,slug-248987,,1
name_226,asdf asdf s,2,14.04.1992,slug-250098,,1
name_227,asdf asdf s,2,14.04.1992,slug-251209,,1
name_228,asdf asdf s,2,14.04.1992,slug-252320,,1
name_229,asdf asdf s,2,14.04.1992,slug-253431,,1
name_230,asdf asdf s,2,14.04.1992,slug-254542,,1
name_231,asdf asdf s,2,14.04.1992,slug-255653,,1
name_232,asdf asdf s,2,14.04.1992,slug-256764,,1
name_233,asdf asdf s,2,14.04.1992,slug-257875,,1
name_234,asdf asdf s,2,14.04.1992,slug-258986,,1
name_235,asdf asdf s,2,14.04.1992,slug-260097,,1
name_236,asdf asdf s,2,14.04.1992,slug-261208,,1
name_237,asdf asdf s,2,14.04.1992,slug-262319,,1
name_238,asdf asdf s,2,14.04.1992,slug-263430,,1
name_239,asdf asdf s,2,14.04.1992,slug-264541,,1
name_240,asdf asdf s,2,14.04.1992,slug-265652,,1
name_241,asdf asdf s,2,14.04.1992,slug-266763,,1
name_242,asdf asdf s,2,14.04.1992,slug-267874,,1
name_243,asdf asdf s,2,14.04.1992,slug-268985,,1
name_244,asdf asdf s,2,14.04.1992,slug-270096,,1
name_245,asdf asdf s,2,14.04.1992,slug-271207,,1
name_246,asdf asdf s,2,14.04.1992,slug-272318,,1
name_247,asdf asdf s,2,14.04.1992,slug-273429,,1
name_248,asdf asdf s,2,14.04.1992,slug-274540,,1
name_249,asdf asdf s,2,14.04.1992,slug-275651,,1
name_250,asdf asdf s,2,14.04.1992,slug-276762,,1
name_251,asdf asdf s,2,14.04.1992,slug-277873,,1
name_252,asdf asdf s,2,14.04.1992,slug-278984,,1
name_253,asdf asdf s,2,14.04.1992,slug-280095,,1
name_254,asdf asdf s,2,14.04.1992,slug-281206,,1
name_255,asdf asdf s,2,14.04.1992,slug-282317,,1
name_256,asdf asdf s,2,14.04.1992,slug-283428,,1
name_257,asdf asdf s,2,14.04.1992,slug-284539,,1
name_258,asdf asdf s,2,14.04.1992,slug-285650,,1
name_259,asdf asdf s,2,14.04.1992,slug-286761,,1
name_260,asdf asdf s,2,14.04.1992,slug-287872,,1
name_261,asdf asdf s,2,14.04.1992,slug-288983,,1
name_262,asdf asdf s,2,14.04.1992,slug-290094,,1
name_263,asdf asdf s,2,14.04.1992,slug-291205,,1
name_264,asdf asdf s,2,14.04.1992,slug-292316,,1
name_265,asdf asdf s,2,14.04.1992,slug-293427,,1
name_266,asdf asdf s,2,14.04.1992,slug-294538,,1
name_267,asdf asdf s,2,14.04.1992,slug-295649,,1
name_268,asdf asdf s,2,14.04.1992,slug-296760,,1
name_269,asdf asdf s,2,14.04.1992,slug-297871,,1
name_270,asdf asdf s,2,14.04.1992,slug-298982,,1
name_271,asdf asdf s,2,14.04.1992,slug-300093,,1
name_272,asdf asdf s,2,14.04.1992,slug-301204,,1
name_273,asdf asdf s,2,14.04.1992,slug-302315,,1
name_274,asdf asdf s,2,14.04.1992,slug-303426,,1
name_275,asdf asdf s,2,14.04.1992,slug-304537,,1
name_276,asdf asdf s,2,14.04.1992,slug-305648,,1
name_277,asdf asdf s,2,14.04.1992,slug-306759,,1
name_278,asdf asdf s,2,14.04.1992,slug-307870,,1
name_279,asdf asdf s,2,14.04.1992,slug-308981,,1
name_280,asdf asdf s,2,14.04.1992,slug-310092,,1
name_281,asdf asdf s,2,14.04.1992,slug-311203,,1
name_282,asdf asdf s,2,14.04.1992,slug-312314,,1
name_283,asdf asdf s,2,14.04.1992,slug-313425,,1
name_284,asdf asdf s,2,14.04.1992,slug-314536,,1
name_285,asdf asdf s,2,14.04.1992,slug-315647,,1
name_286,asdf asdf s,2,14.04.1992,slug-316758,,1
name_287,asdf asdf s,2,14.04.1992,slug-317869,,1
name_288,asdf asdf s,2,14.04.1992,slug-318980,,1
name_289,asdf asdf s,2,14.04.1992,slug-320091,,1
name_290,asdf asdf s,2,14.04.1992,slug-321202,,1
name_291,asdf asdf s,2,14.04.1992,slug-322313,,1
name_292,asdf asdf s,2,14.04.1992,slug-323424,,1
name_293,asdf asdf s,2,14.04.1992,slug-324535,,1
name_294,asdf asdf s,2,14.04.1992,slug-325646,,1
name_295,asdf asdf s,2,14.04.1992,slug-326757,,1
name_296,asdf asdf s,2,14.04.1992,slug-327868,,1
name_297,asdf asdf s,2,14.04.1992,slug-328979,,1
name_298,asdf asdf s,2,14.04.1992,slug-330090,,1
name_299,asdf asdf s,2,14.04.1992,slug-331201,,1
name_300,asdf asdf s,2,14.04.1992,slug-332312,,1
name_301,asdf asdf s,2,14.04.1992,slug-333423,,1
name_302,asdf asdf s,2,14.04.1992,slug-334534,,1
name_303,asdf asdf s,2,14.04.1992,slug-335645,,1
name_304,asdf asdf s,2,14.04.1992,slug-336756,,1
name_305,asdf asdf s,2,14.04.1992,slug-337867,,1
name_306,asdf asdf s,2,14.04.1992,slug-338978,,1
name_307,asdf asdf s,2,14.04.1992,slug-340089,,1
name_308,asdf asdf s,2,14.04.1992,slug-341200,,1
name_309,asdf asdf s,2,14.04.1992,slug-342311,,1
name_310,asdf asdf s,2,14.04.1992,slug-343422,,1
name_311,asdf asdf s,2,14.04.1992,slug-344533,,1
name_312,asdf asdf s,2,14.04.1992,slug-345644,,1
name_313,asdf asdf s,2,14.04.1992,slug-346755,,1
name_314,asdf asdf s,2,14.04.1992,slug-347866,,1
name_315,asdf asdf s,2,14.04.1992,slug-348977,,1
name_316,asdf asdf s,2,14.04.1992,slug-350088,,1
name_317,asdf asdf s,2,14.04.1992,slug-351199,,1
name_318,asdf asdf s,2,14.04.1992,slug-352310,,1
name_319,asdf asdf s,2,14.04.1992,slug-353421,,1
name_320,asdf asdf s,2,14.04.1992,slug-354532,,1
name_321,asdf asdf s,2,14.04.1992,slug-355643,,1
name_322,asdf asdf s,2,14.04.1992,slug-356754,,1
name_323,asdf asdf s,2,14.04.1992,slug-357865,,1
name_324,asdf asdf s,2,14.04.1992,slug-358976,,1
name_325,asdf asdf s,2,14.04.1992,slug-360087,,1
name_326,asdf asdf s,2,14.04.1992,slug-361198,,1
name_327,asdf asdf s,2,14.04.1992,slug-362309,,1
name_328,asdf asdf s,2,14.04.1992,slug-363420,,1
name_329,asdf asdf s,2,14.04.1992,slug-364531,,1
name_330,asdf asdf s,2,14.04.1992,slug-365642,,1
name_331,asdf asdf s,2,14.04.1992,slug-366753,,1
name_332,asdf asdf s,2,14.04.1992,slug-367864,,1
name_333,asdf asdf s,2,14.04.1992,slug-368975,,1
name_334,asdf asdf s,2,14.04.1992,slug-370086,,1
name_335,asdf asdf s,2,14.04.1992,slug-371197,,1
name_336,asdf asdf s,2,14.04.1992,slug-372308,,1
name_337,asdf asdf s,2,14.04.1992,slug-373419,,1
name_338,asdf asdf s,2,14.04.1992,slug-374530,,1
name_339,asdf asdf s,2,14.04.1992,slug-375641,,1
name_340,asdf asdf s,2,14.04.1992,slug-376752,,1
name_341,asdf asdf s,2,14.04.1992,slug-377863,,1
name_342,asdf asdf s,2,14.04.1992,slug-378974,,1
name_343,asdf asdf s,2,14.04.1992,slug-380085,,1
name_344,asdf asdf s,2,14.04.1992,slug-381196,,1
name_345,asdf asdf s,2,14.04.1992,slug-382307,,1
name_346,asdf asdf s,2,14.04.1992,slug-383418,,1
name_347,asdf asdf s,2,14.04.1992,slug-384529,,1
name_348,asdf asdf s,2,14.04.1992,slug-385640,,1
name_349,asdf asdf s,2,14.04.1992,slug-386751,,1
name_350,asdf asdf s,2,14.04.1992,slug-387862,,1
name_351,asdf asdf s,2,14.04.1992,slug-388973,,1
name_352,asdf asdf s,2,14.04.1992,slug-390084,,1
name_353,asdf asdf s,2,14.04.1992,slug-391195,,1
name_354,asdf asdf s,2,14.04.1992,slug-392306,,1
name_355,asdf asdf s,2,14.04.1992,slug-393417,,1
name_356,asdf asdf s,2,14.04.1992,slug-394528,,1
name_357,asdf asdf s,2,14.04.1992,slug-395639,,1
name_358,asdf asdf s,2,14.04.1992,slug-396750,,1
name_359,asdf asdf s,2,14.04.1992,slug-397861,,1
name_360,asdf asdf s,2,14.04.1992,slug-398972,,1
name_361,asdf asdf s,2,14.04.1992,slug-400083,,1
name_362,asdf asdf s,2,14.04.1992,slug-401194,,1
name_363,asdf asdf s,2,14.04.1992,slug-402305,,1
name_364,asdf asdf s,2,14.04.1992,slug-403416,,1
name_365,asdf asdf s,2,14.04.1992,slug-404527,,1
name_366,asdf asdf s,2,14.04.1992,slug-405638,,1
name_367,asdf asdf s,2,14.04.1992,slug-406749,,1
name_368,asdf asdf s,2,14.04.1992,slug-407860,,1
name_369,asdf asdf s,2,14.04.1992,slug-408971,,1
name_370,asdf asdf s,2,14.04.1992,slug-410082,,1
name_371,asdf asdf s,2,14.04.1992,slug-411193,,1
name_372,asdf asdf s,2,14.04.1992,slug-412304,,1
name_373,asdf asdf s,2,14.04.1992,slug-413415,,1
name_374,asdf asdf s,2,14.04.1992,slug-414526,,1
name_375,asdf asdf s,2,14.04.1992,slug-415637,,1
name_376,asdf asdf s,2,14.04.1992,slug-416748,,1
name_377,asdf asdf s,2,14.04.1992,slug-417859,,1
name_378,asdf asdf s,2,14.04.1992,slug-418970,,1
name_379,asdf asdf s,2,14.04.1992,slug-420081,,1
name_380,asdf asdf s,2,14.04.1992,slug-421192,,1
name_381,asdf asdf s,2,14.04.1992,slug-422303,,1
name_382,asdf asdf s,2,14.04.1992,slug-423414,,1
name_383,asdf asdf s,2,14.04.1992,slug-424525,,1
name_384,asdf asdf s,2,14.04.1992,slug-425636,,1
name_385,asdf asdf s,2,14.04.1992,slug-426747,,1
name_386,asdf asdf s,2,14.04.1992,slug-427858,,1
name_387,asdf asdf s,2,14.04.1992,slug-428969,,1
name_388,asdf asdf s,2,14.04.1992,slug-430080,,1
name_389,asdf asdf s,2,14.04.1992,slug-431191,,1
name_390,asdf asdf s,2,14.04.1992,slug-432302,,1
name_391,asdf asdf s,2,14.04.1992,slug-433413,,1
name_392,asdf asdf s,2,14.04.1992,slug-434524,,1
name_393,asdf asdf s,2,14.04.1992,slug-435635,,1
name_394,asdf asdf s,2,14.04.1992,slug-436746,,1
name_395,asdf asdf s,2,14.04.1992,slug-437857,,1
name_396,asdf asdf s,2,14.04.1992,slug-438968,,1
name_397,asdf asdf s,2,14.04.1992,slug-440079,,1
name_398,asdf asdf s,2,14.04.1992,slug-441190,,1
name_399,asdf asdf s,2,14.04.1992,slug-442301,,1
name_400,asdf asdf s,2,14.04.1992,slug-443412,,1
name_401,asdf asdf s,2,14.04.1992,slug-444523,,1
name_402,asdf asdf s,2,14.04.1992,slug-445634,,1
name_403,asdf asdf s,2,14.04.1992,slug-446745,,1
name_404,asdf asdf s,2,14.04.1992,slug-447856,,1
name_405,asdf asdf s,2,14.04.1992,slug-448967,,1
name_406,asdf asdf s,2,14.04.1992,slug-450078,,1
name_407,asdf asdf s,2,14.04.1992,slug-451189,,1
name_408,asdf asdf s,2,14.04.1992,slug-452300,,1
name_409,asdf asdf s,2,14.04.1992,slug-453411,,1
name_410,asdf asdf s,2,14.04.1992,slug-454522,,1
name_411,asdf asdf s,2,14.04.1992,slug-455633,,1
name_412,asdf asdf s,2,14.04.1992,slug-456744,,1
name_413,asdf asdf s,2,14.04.1992,slug-457855,,1
name_414,asdf asdf s,2,14.04.1992,slug-458966,,1
name_415,asdf asdf s,2,14.04.1992,slug-460077,,1
name_416,asdf asdf s,2,14.04.1992,slug-461188,,1
name_417,asdf asdf s,2,14.04.1992,slug-462299,,1
name_418,asdf asdf s,2,14.04.1992,slug-463410,,1
name_419,asdf asdf s,2,14.04.1992,slug-464521,,1
name_420,asdf asdf s,2,14.04.1992,slug-465632,,1
name_421,asdf asdf s,2,14.04.1992,slug-466743,,1
name_422,asdf asdf s,2,14.04.1992,slug-467854,,1
name_423,asdf asdf s,2,14.04.1992,slug-468965,,1
name_424,asdf asdf s,2,14.04.1992,slug-470076,,1
name_425,asdf asdf s,2,14.04.1992,slug-471187,,1
name_426,asdf asdf s,2,14.04.1992,slug-472298,,1
name_427,asdf asdf s,2,14.04.1992,slug-473409,,1
name_428,asdf asdf s,2,14.04.1992,slug-474520,,1
name_429,asdf asdf s,2,14.04.1992,slug-475631,,1
name_430,asdf asdf s,2,14.04.1992,slug-476742,,1
name_431,asdf asdf s,2,14.04.1992,slug-477853,,1
name_432,asdf asdf s,2,14.04.1992,slug-478964,,1
name_433,asdf asdf s,2,14.04.1992,slug-480075,,1
name_434,asdf asdf s,2,14.04.1992,slug-481186,,1
name_435,asdf asdf s,2,14.04.1992,slug-482297,,1
name_436,asdf asdf s,2,14.04.1992,slug-483408,,1
name_437,asdf asdf s,2,14.04.1992,slug-484519,,1
name_438,asdf asdf s,2,14.04.1992,slug-485630,,1
name_439,asdf asdf s,2,14.04.1992,slug-486741,,1
name_440,asdf asdf s,2,14.04.1992,slug-487852,,1
name_441,asdf asdf s,2,14.04.1992,slug-488963,,1
name_442,asdf asdf s,2,14.04.1992,slug-490074,,1
name_443,asdf asdf s,2,14.04.1992,slug-491185,,1
name_444,asdf asdf s,2,14.04.1992,slug-492296,,1
name_445,asdf asdf s,2,14.04.1992,slug-493407,,1
name_446,asdf asdf s,2,14.04.1992,slug-494518,,1
name_447,asdf asdf s,2,14.04.1992,slug-495629,,1
name_448,asdf asdf s,2,14.04.1992,slug-496740,,1
name_449,asdf asdf s,2,14.04.1992,slug-497851,,1
name_450,asdf asdf s,2,14.04.1992,slug-498962,,1
name_451,asdf asdf s,2,14.04.1992,slug-500073,,1
name_452,asdf asdf s,2,14.04.1992,slug-501184,,1
name_453,asdf asdf s,2,14.04.1992,slug-502295,,1
name_454,asdf asdf s,2,14.04.1992,slug-503406,,1
name_455,asdf asdf s,2,14.04.1992,slug-504517,,1
name_456,asdf asdf s,2,14.04.1992,slug-505628,,1
name_457,asdf asdf s,2,14.04.1992,slug-506739,,1
name_458,asdf asdf s,2,14.04.1992,slug-507850,,1
name_459,asdf asdf s,2,14.04.1992,slug-508961,,1
name_460,asdf asdf s,2,14.04.1992,slug-510072,,1
name_461,asdf asdf s,2,14.04.1992,slug-511183,,1
name_462,asdf asdf s,2,14.04.1992,slug-512294,,1
name_463,asdf asdf s,2,14.04.1992,slug-513405,,1
name_464,asdf asdf s,2,14.04.1992,slug-514516,,1
name_465,asdf asdf s,2,14.04.1992,slug-515627,,1
name_466,asdf asdf s,2,14.04.1992,slug-516738,,1
name_467,asdf asdf s,2,14.04.1992,slug-517849,,1
name_468,asdf asdf s,2,14.04.1992,slug-518960,,1
name_469,asdf asdf s,2,14.04.1992,slug-520071,,1
name_470,asdf asdf s,2,14.04.1992,slug-521182,,1
name_471,asdf asdf s,2,14.04.1992,slug-522293,,1
name_472,asdf asdf s,2,14.04.1992,slug-523404,,1
name_473,asdf asdf s,2,14.04.1992,slug-524515,,1
name_474,asdf asdf s,2,14.04.1992,slug-525626,,1
name_475,asdf asdf s,2,14.04.1992,slug-526737,,1
name_476,asdf asdf s,2,14.04.1992,slug-527848,,1
name_477,asdf asdf s,2,14.04.1992,slug-528959,,1
name_478,asdf asdf s,2,14.04.1992,slug-530070,,1
name_479,asdf asdf s,2,14.04.1992,slug-531181,,1
name_480,asdf asdf s,2,14.04.1992,slug-532292,,1
name_481,asdf asdf s,2,14.04.1992,slug-533403,,1
name_482,asdf asdf s,2,14.04.1992,slug-534514,,1
name_483,asdf asdf s,2,14.04.1992,slug-535625,,1
name_484,asdf asdf s,2,14.04.1992,slug-536736,,1
name_485,asdf asdf s,2,14.04.1992,slug-537847,,1
name_486,asdf asdf s,2,14.04.1992,slug-538958,,1
name_487,asdf asdf s,2,14.04.1992,slug-540069,,1
name_488,asdf asdf s,2,14.04.1992,slug-541180,,1
name_489,asdf asdf s,2,14.04.1992,slug-542291,,1
name_490,asdf asdf s,2,14.04.1992,slug-543402,,1
name_491,asdf asdf s,2,14.04.1992,slug-544513,,1
name_492,asdf asdf s,2,14.04.1992,slug-545624,,1
name_493,asdf asdf s,2,14.04.1992,slug-546735,,1
name_494,asdf asdf s,2,14.04.1992,slug-547846,,1
name_495,asdf asdf s,2,14.04.1992,slug-548957,,1
name_496,asdf asdf s,2,14.04.1992,slug-550068,,1
name_497,asdf asdf s,2,14.04.1992,slug-551179,,1
name_498,asdf asdf s,2,14.04.1992,slug-552290,,1
name_499,asdf asdf s,2,14.04.1992,slug-553401,,1
name_500,asdf asdf s,2,14.04.1992,slug-554512,,1
name_501,asdf asdf s,2,14.04.1992,slug-555623,,1
name_502,asdf asdf s,2,14.04.1992,slug-556734,,1
name_503,asdf asdf s,2,14.04.1992,slug-557845,,1
name_504,asdf asdf s,2,14.04.1992,slug-558956,,1
name_505,asdf asdf s,2,14.04.1992,slug-560067,,1
name_506,asdf asdf s,2,14.04.1992,slug-561178,,1
name_507,asdf asdf s,2,14.04.1992,slug-562289,,1
name_508,asdf asdf s,2,14.04.1992,slug-563400,,1
name_509,asdf asdf s,2,14.04.1992,slug-564511,,1
name_510,asdf asdf s,2,14.04.1992,slug-565622,,1
name_511,asdf asdf s,2,14.04.1992,slug-566733,,1
name_512,asdf asdf s,2,14.04.1992,slug-567844,,1
name_513,asdf asdf s,2,14.04.1992,slug-568955,,1
name_514,asdf asdf s,2,14.04.1992,slug-570066,,1
name_515,asdf asdf s,2,14.04.1992,slug-571177,,1
name_516,asdf asdf s,2,14.04.1992,slug-572288,,1
name_517,asdf asdf s,2,14.04.1992,slug-573399,,1
name_518,asdf asdf s,2,14.04.1992,slug-574510,,1
name_519,asdf asdf s,2,14.04.1992,slug-575621,,1
name_520,asdf asdf s,2,14.04.1992,slug-576732,,1
name_521,asdf asdf s,2,14.04.1992,slug-577843,,1
name_522,asdf asdf s,2,14.04.1992,slug-578954,,1
name_523,asdf asdf s,2,14.04.1992,slug-580065,,1
name_524,asdf asdf s,2,14.04.1992,slug-581176,,1
name_525,asdf asdf s,2,14.04.1992,slug-582287,,1
name_526,asdf asdf s,2,14.04.1992,slug-583398,,1
name_527,asdf asdf s,2,14.04.1992,slug-584509,,1
name_528,asdf asdf s,2,14.04.1992,slug-585620,,1
name_529,asdf asdf s,2,14.04.1992,slug-586731,,1
name_530,asdf asdf s,2,14.04.1992,slug-587842,,1
name_531,asdf asdf s,2,14.04.1992,slug-588953,,1
name_532,asdf asdf s,2,14.04.1992,slug-590064,,1
name_533,asdf asdf s,2,14.04.1992,slug-591175,,1
name_534,asdf asdf s,2,14.04.1992,slug-592286,,1
name_535,asdf asdf s,2,14.04.1992,slug-593397,,1
name_536,asdf asdf s,2,14.04.1992,slug-594508,,1
name_537,asdf asdf s,2,14.04.1992,slug-595619,,1
name_538,asdf asdf s,2,14.04.1992,slug-596730,,1
name_539,asdf asdf s,2,14.04.1992,slug-597841,,1
name_540,asdf asdf s,2,14.04.1992,slug-598952,,1
name_541,asdf asdf s,2,14.04.1992,slug-600063,,1
name_542,asdf asdf s,2,14.04.1992,slug-601174,,1
name_543,asdf asdf s,2,14.04.1992,slug-602285,,1
name_544,asdf asdf s,2,14.04.1992,slug-603396,,1
name_545,asdf asdf s,2,14.04.1992,slug-604507,,1
name_546,asdf asdf s,2,14.04.1992,slug-605618,,1
name_547,asdf asdf s,2,14.04.1992,slug-606729,,1
name_548,asdf asdf s,2,14.04.1992,slug-607840,,1
name_549,asdf asdf s,2,14.04.1992,slug-608951,,1
name_550,asdf asdf s,2,14.04.1992,slug-610062,,1
name_551,asdf asdf s,2,14.04.1992,slug-611173,,1
name_552,asdf asdf s,2,14.04.1992,slug-612284,,1
name_553,asdf asdf s,2,14.04.1992,slug-613395,,1
name_554,asdf asdf s,2,14.04.1992,slug-614506,,1
name_555,asdf asdf s,2,14.04.1992,slug-615617,,1
name_556,asdf asdf s,2,14.04.1992,slug-616728,,1
name_557,asdf asdf s,2,14.04.1992,slug-617839,,1
name_558,asdf asdf s,2,14.04.1992,slug-618950,,1
name_559,asdf asdf s,2,14.04.1992,slug-620061,,1
name_560,asdf asdf s,2,14.04.1992,slug-621172,,1
name_561,asdf asdf s,2,14.04.1992,slug-622283,,1
name_562,asdf asdf s,2,14.04.1992,slug-623394,,1
name_563,asdf asdf s,2,14.04.1992,slug-624505,,1
name_564,asdf asdf s,2,14.04.1992,slug-625616,,1
name_565,asdf asdf s,2,14.04.1992,slug-626727,,1
name_566,asdf asdf s,2,14.04.1992,slug-627838,,1
name_567,asdf asdf s,2,14.04.1992,slug-628949,,1
name_568,asdf asdf s,2,14.04.1992,slug-630060,,1
name_569,asdf asdf s,2,14.04.1992,slug-631171,,1
name_570,asdf asdf s,2,14.04.1992,slug-632282,,1
name_571,asdf asdf s,2,14.04.1992,slug-633393,,1
name_572,asdf asdf s,2,14.04.1992,slug-634504,,1
name_573,asdf asdf s,2,14.04.1992,slug-635615,,1
name_574,asdf asdf s,2,14.04.1992,slug-636726,,1
name_575,asdf asdf s,2,14.04.1992,slug-637837,,1
name_576,asdf asdf s,2,14.04.1992,slug-638948,,1
name_577,asdf asdf s,2,14.04.1992,slug-640059,,1
name_578,asdf asdf s,2,14.04.1992,slug-641170,,1
name_579,asdf asdf s,2,14.04.1992,slug-642281,,1
name_580,asdf asdf s,2,14.04.1992,slug-643392,,1
name_581,asdf asdf s,2,14.04.1992,slug-644503,,1
name_582,asdf asdf s,2,14.04.1992,slug-645614,,1
name_583,asdf asdf s,2,14.04.1992,slug-646725,,1
name_584,asdf asdf s,2,14.04.1992,slug-647836,,1
name_585,asdf asdf s,2,14.04.1992,slug-648947,,1
name_586,asdf asdf s,2,14.04.1992,slug-650058,,1
name_587,asdf asdf s,2,14.04.1992,slug-651169,,1
name_588,asdf asdf s,2,14.04.1992,slug-652280,,1
name_589,asdf asdf s,2,14.04.1992,slug-653391,,1
name_590,asdf asdf s,2,14.04.1992,slug-654502,,1
name_591,asdf asdf s,2,14.04.1992,slug-655613,,1
name_592,asdf asdf s,2,14.04.1992,slug-656724,,1
name_593,asdf asdf s,2,14.04.1992,slug-657835,,1
name_594,asdf asdf s,2,14.04.1992,slug-658946,,1
name_595,asdf asdf s,2,14.04.1992,slug-660057,,1
name_596,asdf asdf s,2,14.04.1992,slug-661168,,1
name_597,asdf asdf s,2,14.04.1992,slug-662279,,1
name_598,asdf asdf s,2,14.04.1992,slug-663390,,1
name_599,asdf asdf s,2,14.04.1992,slug-664501,,1
name_600,asdf asdf s,2,14.04.1992,slug-665612,,1
name_601,asdf asdf s,2,14.04.1992,slug-666723,,1
name_602,asdf asdf s,2,14.04.1992,slug-667834,,1
name_603,asdf asdf s,2,14.04.1992,slug-668945,,1
name_604,asdf asdf s,2,14.04.1992,slug-670056,,1
name_605,asdf asdf s,2,14.04.1992,slug-671167,,1
name_606,asdf asdf s,2,14.04.1992,slug-672278,,1
name_607,asdf asdf s,2,14.04.1992,slug-673389,,1
name_608,asdf asdf s,2,14.04.1992,slug-674500,,1
name_609,asdf asdf s,2,14.04.1992,slug-675611,,1
name_610,asdf asdf s,2,14.04.1992,slug-676722,,1
name_611,asdf asdf s,2,14.04.1992,slug-677833,,1
name_612,asdf asdf s,2,14.04.1992,slug-678944,,1
name_613,asdf asdf s,2,14.04.1992,slug-680055,,1
name_614,asdf asdf s,2,14.04.1992,slug-681166,,1
name_615,asdf asdf s,2,14.04.1992,slug-682277,,1
name_616,asdf asdf s,2,14.04.1992,slug-683388,,1
name_617,asdf asdf s,2,14.04.1992,slug-684499,,1
name_618,asdf asdf s,2,14.04.1992,slug-685610,,1
name_619,asdf asdf s,2,14.04.1992,slug-686721,,1
name_620,asdf asdf s,2,14.04.1992,slug-687832,,1
name_621,asdf asdf s,2,14.04.1992,slug-688943,,1
name_622,asdf asdf s,2,14.04.1992,slug-690054,,1
name_623,asdf asdf s,2,14.04.1992,slug-691165,,1
name_624,asdf asdf s,2,14.04.1992,slug-692276,,1
name_625,asdf asdf s,2,14.04.1992,slug-693387,,1
name_626,asdf asdf s,2,14.04.1992,slug-694498,,1
name_627,asdf asdf s,2,14.04.1992,slug-695609,,1
name_628,asdf asdf s,2,14.04.1992,slug-696720,,1
name_629,asdf asdf s,2,14.04.1992,slug-697831,,1
name_630,asdf asdf s,2,14.04.1992,slug-698942,,1
name_631,asdf asdf s,2,14.04.1992,slug-700053,,1
name_632,asdf asdf s,2,14.04.1992,slug-701164,,1
name_633,asdf asdf s,2,14.04.1992,slug-702275,,1
name_634,asdf asdf s,2,14.04.1992,slug-703386,,1
name_635,asdf asdf s,2,14.04.1992,slug-704497,,1
name_636,asdf asdf s,2,14.04.1992,slug-705608,,1
name_637,asdf asdf s,2,14.04.1992,slug-706719,,1
name_638,asdf asdf s,2,14.04.1992,slug-707830,,1
name_639,asdf asdf s,2,14.04.1992,slug-708941,,1
name_640,asdf asdf s,2,14.04.1992,slug-710052,,1
name_641,asdf asdf s,2,14.04.1992,slug-711163,,1
name_642,asdf asdf s,2,14.04.1992,slug-712274,,1
name_643,asdf asdf s,2,14.04.1992,slug-713385,,1
name_644,asdf asdf s,2,14.04.1992,slug-714496,,1
name_645,asdf asdf s,2,14.04.1992,slug-715607,,1
name_646,asdf asdf s,2,14.04.1992,slug-716718,,1
name_647,asdf asdf s,2,14.04.1992,slug-717829,,1
name_648,asdf asdf s,2,14.04.1992,slug-718940,,1
name_649,asdf asdf s,2,14.04.1992,slug-720051,,1
name_650,asdf asdf s,2,14.04.1992,slug-721162,,1
name_651,asdf asdf s,2,14.04.1992,slug-722273,,1
name_652,asdf asdf s,2,14.04.1992,slug-723384,,1
name_653,asdf asdf s,2,14.04.1992,slug-724495,,1
name_654,asdf asdf s,2,14.04.1992,slug-725606,,1
name_655,asdf asdf s,2,14.04.1992,slug-726717,,1
name_656,asdf asdf s,2,14.04.1992,slug-727828,,1
name_657,asdf asdf s,2,14.04.1992,slug-728939,,1
name_658,asdf asdf s,2,14.04.1992,slug-730050,,1
name_659,asdf asdf s,2,14.04.1992,slug-731161,,1
name_660,asdf asdf s,2,14.04.1992,slug-732272,,1
name_661,asdf asdf s,2,14.04.1992,slug-733383,,1
name_662,asdf asdf s,2,14.04.1992,slug-734494,,1
name_663,asdf asdf s,2,14.04.1992,slug-735605,,1
name_664,asdf asdf s,2,14.04.1992,slug-736716,,1
name_665,asdf asdf s,2,14.04.1992,slug-737827,,1
name_666,asdf asdf s,2,14.04.1992,slug-738938,,1
name_667,asdf asdf s,2,14.04.1992,slug-740049,,1
name_668,asdf asdf s,2,14.04.1992,slug-741160,,1
name_669,asdf asdf s,2,14.04.1992,slug-742271,,1
name_670,asdf asdf s,2,14.04.1992,slug-743382,,1
name_671,asdf asdf s,2,14.04.1992,slug-744493,,1
name_672,asdf asdf s,2,14.04.1992,slug-745604,,1
name_673,asdf asdf s,2,14.04.1992,slug-746715,,1
name_674,asdf asdf s,2,14.04.1992,slug-747826,,1
name_675,asdf asdf s,2,14.04.1992,slug-748937,,1
name_676,asdf asdf s,2,14.04.1992,slug-750048,,1
name_677,asdf asdf s,2,14.04.1992,slug-751159,,1
name_678,asdf asdf s,2,14.04.1992,slug-752270,,1
name_679,asdf asdf s,2,14.04.1992,slug-753381,,1
name_680,asdf asdf s,2,14.04.1992,slug-754492,,1
name_681,asdf asdf s,2,14.04.1992,slug-755603,,1
name_682,asdf asdf s,2,14.04.1992,slug-756714,,1
name_683,asdf asdf s,2,14.04.1992,slug-757825,,1
name_684,asdf asdf s,2,14.04.1992,slug-758936,,1
name_685,asdf asdf s,2,14.04.1992,slug-760047,,1
name_686,asdf asdf s,2,14.04.1992,slug-761158,,1
name_687,asdf asdf s,2,14.04.1992,slug-762269,,1
name_688,asdf asdf s,2,14.04.1992,slug-763380,,1
name_689,asdf asdf s,2,14.04.1992,slug-764491,,1
name_690,asdf asdf s,2,14.04.1992,slug-765602,,1
name_691,asdf asdf s,2,14.04.1992,slug-766713,,1
name_692,asdf asdf s,2,14.04.1992,slug-767824,,1
name_693,asdf asdf s,2,14.04.1992,slug-768935,,1
name_694,asdf asdf s,2,14.04.1992,slug-770046,,1
name_695,asdf asdf s,2,14.04.1992,slug-771157,,1
name_696,asdf asdf s,2,14.04.1992,slug-772268,,1
name_697,asdf asdf s,2,14.04.1992,slug-773379,,1
name_698,asdf asdf s,2,14.04.1992,slug-774490,,1
name_699,asdf asdf s,2,14.04.1992,slug-775601,,1
name_700,asdf asdf s,2,14.04.1992,slug-776712,,1
name_701,asdf asdf s,2,14.04.1992,slug-777823,,1
name_702,asdf asdf s,2,14.04.1992,slug-778934,,1
name_703,asdf asdf s,2,14.04.1992,slug-780045,,1
name_704,asdf asdf s,2,14.04.1992,slug-781156,,1
name_705,asdf asdf s,2,14.04.1992,slug-782267,,1
name_706,asdf asdf s,2,14.04.1992,slug-783378,,1
name_707,asdf asdf s,2,14.04.1992,slug-784489,,1
name_708,asdf asdf s,2,14.04.1992,slug-785600,,1
name_709,asdf asdf s,2,14.04.1992,slug-786711,,1
name_710,asdf asdf s,2,14.04.1992,slug-787822,,1
name_711,asdf asdf s,2,14.04.1992,slug-788933,,1
name_712,asdf asdf s,2,14.04.1992,slug-790044,,1
name_713,asdf asdf s,2,14.04.1992,slug-791155,,1
name_714,asdf asdf s,2,14.04.1992,slug-792266,,1
name_715,asdf asdf s,2,14.04.1992,slug-793377,,1
name_716,asdf asdf s,2,14.04.1992,slug-794488,,1
name_717,asdf asdf s,2,14.04.1992,slug-795599,,1
name_718,asdf asdf s,2,14.04.1992,slug-796710,,1
name_719,asdf asdf s,2,14.04.1992,slug-797821,,1
name_720,asdf asdf s,2,14.04.1992,slug-798932,,1
name_721,asdf asdf s,2,14.04.1992,slug-800043,,1
name_722,asdf asdf s,2,14.04.1992,slug-801154,,1
name_723,asdf asdf s,2,14.04.1992,slug-802265,,1
name_724,asdf asdf s,2,14.04.1992,slug-803376,,1
name_725,asdf asdf s,2,14.04.1992,slug-804487,,1
name_726,asdf asdf s,2,14.04.1992,slug-805598,,1
name_727,asdf asdf s,2,14.04.1992,slug-806709,,1
name_728,asdf asdf s,2,14.04.1992,slug-807820,,1
name_729,asdf asdf s,2,14.04.1992,slug-808931,,1
name_730,asdf asdf s,2,14.04.1992,slug-810042,,1
name_731,asdf asdf s,2,14.04.1992,slug-811153,,1
name_732,asdf asdf s,2,14.04.1992,slug-812264,,1
name_733,asdf asdf s,2,14.04.1992,slug-813375,,1
name_734,asdf asdf s,2,14.04.1992,slug-814486,,1
name_735,asdf asdf s,2,14.04.1992,slug-815597,,1
name_736,asdf asdf s,2,14.04.1992,slug-816708,,1
name_737,asdf asdf s,2,14.04.1992,slug-817819,,1
name_738,asdf asdf s,2,14.04.1992,slug-818930,,1
name_739,asdf asdf s,2,14.04.1992,slug-820041,,1
name_740,asdf asdf s,2,14.04.1992,slug-821152,,1
name_741,asdf asdf s,2,14.04.1992,slug-822263,,1
name_742,asdf asdf s,2,14.04.1992,slug-823374,,1
name_743,asdf asdf s,2,14.04.1992,slug-824485,,1
name_744,asdf asdf s,2,14.04.1992,slug-825596,,1
name_745,asdf asdf s,2,14.04.1992,slug-826707,,1
name_746,asdf asdf s,2,14.04.1992,slug-827818,,1
name_747,asdf asdf s,2,14.04.1992,slug-828929,,1
name_748,asdf asdf s,2,14.04.1992,slug-830040,,1
name_749,asdf asdf s,2,14.04.1992,slug-831151,,1
name_750,asdf asdf s,2,14.04.1992,slug-832262,,1
name_751,asdf asdf s,2,14.04.1992,slug-833373,,1
name_752,asdf asdf s,2,14.04.1992,slug-834484,,1
name_753,asdf asdf s,2,14.04.1992,slug-835595,,1
name_754,asdf asdf s,2,14.04.1992,slug-836706,,1
name_755,asdf asdf s,2,14.04.1992,slug-837817,,1
name_756,asdf asdf s,2,14.04.1992,slug-838928,,1
name_757,asdf asdf s,2,14.04.1992,slug-840039,,1
name_758,asdf asdf s,2,14.04.1992,slug-841150,,1
name_759,asdf asdf s,2,14.04.1992,slug-842261,,1
name_760,asdf asdf s,2,14.04.1992,slug-843372,,1
name_761,asdf asdf s,2,14.04.1992,slug-844483,,1
name_762,asdf asdf s,2,14.04.1992,slug-845594,,1
name_763,asdf asdf s,2,14.04.1992,slug-846705,,1
name_764,asdf asdf s,2,14.04.1992,slug-847816,,1
name_765,asdf asdf s,2,14.04.1992,slug-848927,,1
name_766,asdf asdf s,2,14.04.1992,slug-850038,,1
name_767,asdf asdf s,2,14.04.1992,slug-851149,,1
name_768,asdf asdf s,2,14.04.1992,slug-852260,,1
name_769,asdf asdf s,2,14.04.1992,slug-853371,,1
name_770,asdf asdf s,2,14.04.1992,slug-854482,,1
name_771,asdf asdf s,2,14.04.1992,slug-855593,,1
name_772,asdf asdf s,2,14.04.1992,slug-856704,,1
name_773,asdf asdf s,2,14.04.1992,slug-857815,,1
name_774,asdf asdf s,2,14.04.1992,slug-858926,,1
name_775,asdf asdf s,2,14.04.1992,slug-860037,,1
name_776,asdf asdf s,2,14.04.1992,slug-861148,,1
name_777,asdf asdf s,2,14.04.1992,slug-862259,,1
name_778,asdf asdf s,2,14.04.1992,slug-863370,,1
name_779,asdf asdf s,2,14.04.1992,slug-864481,,1
name_780,asdf asdf s,2,14.04.1992,slug-865592,,1
name_781,asdf asdf s,2,14.04.1992,slug-866703,,1
name_782,asdf asdf s,2,14.04.1992,slug-867814,,1
name_783,asdf asdf s,2,14.04.1992,slug-868925,,1
name_784,asdf asdf s,2,14.04.1992,slug-870036,,1
name_785,asdf asdf s,2,14.04.1992,slug-871147,,1
name_786,asdf asdf s,2,14.04.1992,slug-872258,,1
name_787,asdf asdf s,2,14.04.1992,slug-873369,,1
name_788,asdf asdf s,2,14.04.1992,slug-874480,,1
name_789,asdf asdf s,2,14.04.1992,slug-875591,,1
name_790,asdf asdf s,2,14.04.1992,slug-876702,,1